PRIORIDAD;PUNTAJE;NOMBRE;TELEFONO;EXPERIENCIA;MOTIVACION;DISPONIBILIDAD;EDUCACION;ENVIADO;RESPUESTA;VENCE_48H
A;6;YAJAIRA ROCÍO RÍOS MARIÑO;+573214480087;más_de_1_año;las_comisiones_sin_límite_del_5%;sí,_disponibilidad_total;Bachelor's degree;25/08 1:43-1:55 pm;;27/08 2:00 pm
A;6;Laura Sofía;+573017601710;más_de_1_año;las_comisiones_sin_límite_del_5%;sí,_disponibilidad_total;Bachelor's degree;25/08 1:43-1:55 pm;;27/08 2:00 pm
A;6;Nilton P. Salgado;3145348533;más_de_1_año;las_comisiones_sin_límite_del_5%;sí,_disponibilidad_total;High school / GED;25/08 1:43-1:55 pm;;27/08 2:00 pm
A;6;Shirly Diaz;+573218076880;más_de_1_año;las_comisiones_sin_límite_del_5%;sí,_disponibilidad_total;High school / GED;25/08 1:43-1:55 pm;;27/08 2:00 pm
A;6;Genesis Lombana;+573135520854;más_de_1_año;las_comisiones_sin_límite_del_5%;sí,_disponibilidad_total;Bachelor's degree;25/08 1:43-1:55 pm;AUDIO 26/08 - PASA #3: 3a, frio intangibles telecom, mejor mes 10 ventas (top equipo 12-13). ENTREVISTA. Flag: aterrizar el tope 50M del taller >> 28/08 DESCARTADA: no envio hoja de vida;27/08 2:00 pm
A;6;Wilmer Riveros Moreno;+573146060821;más_de_1_año;las_comisiones_sin_límite_del_5%;sí,_disponibilidad_total;Post-graduate degree;25/08 1:43-1:55 pm;;27/08 2:00 pm
A;5;Melissa Hernández Guerra;+573187430009;de_6_meses_a_1_año;las_comisiones_sin_límite_del_5%;sí,_disponibilidad_total;High school / GED;25/08 1:43-1:55 pm;;27/08 2:00 pm
A;5;𝐂𝐒 𝐀𝐔𝐓𝐎𝐁𝐑𝐎𝐊𝐄𝐑  𝑪𝒂𝒓𝒆𝒍𝒊𝒔 𝑺𝒊𝒆𝒓𝒓𝒂 | 𝐀𝐬𝐞𝐬𝐨𝐫𝐚 𝐄𝐱𝐩𝐞𝐫𝐭𝐚;+573138721059;más_de_1_año;las_comisiones_sin_límite_del_5%;tengo_que_dar_aviso_en_mi_empleo_actual;Bachelor's degree;25/08 1:43-1:55 pm;;27/08 2:00 pm
A;5;Luis Fernando chaparro;+573012732592;más_de_1_año;la_oportunidad_de_crecimiento_profesional;sí,_disponibilidad_total;High school / GED;NO - sin WhatsApp activo;;
A;5;Katherine  Castro;+573022115151;más_de_1_año;la_oportunidad_de_crecimiento_profesional;sí,_disponibilidad_total;Bachelor's degree;25/08 1:43-1:55 pm;;27/08 2:00 pm
A;5;Arianny Pereira;+573011480896;más_de_1_año;la_oportunidad_de_crecimiento_profesional;sí,_disponibilidad_total;High school / GED;25/08 1:43-1:55 pm;;27/08 2:00 pm
A;5;andrés Felipe Cadena Rangel;+573017442788;más_de_1_año;la_oportunidad_de_crecimiento_profesional;sí,_disponibilidad_total;Bachelor's degree;25/08 1:43-1:55 pm;AUDIO 26/08 - PASA #2: 58 citas asistidas/mes (2x el segundo), lead-cita remoto + seguimiento en salud. ENTREVISTA. Flag: agendaba o cerraba? >> 28/08 DESCARTADO: pidio salario minimo + prestaciones, rechazo esquema OPS ("en ese sistema no me sirve");27/08 2:00 pm
A;5;Alan hemir García basto;+573012430936;de_6_meses_a_1_año;las_comisiones_sin_límite_del_5%;sí,_disponibilidad_total;High school / GED;25/08 1:43-1:55 pm;;27/08 2:00 pm
A;5;Andrés F. T. Correa;+573227276779;más_de_1_año;la_oportunidad_de_crecimiento_profesional;sí,_disponibilidad_total;Bachelor's degree;NO - sin WhatsApp activo;;
A;5;Johan Herrera;3118113275;más_de_1_año;la_oportunidad_de_crecimiento_profesional;sí,_disponibilidad_total;High school / GED;25/08 1:43-1:55 pm;;27/08 2:00 pm
A;5;Tatiana Silva;+573180484713;más_de_1_año;la_oportunidad_de_crecimiento_profesional;sí,_disponibilidad_total;High school / GED;25/08 1:43-1:55 pm;;27/08 2:00 pm
A;5;Héctor Alexander Joya Rangel;+573153951002;más_de_1_año;la_oportunidad_de_crecimiento_profesional;sí,_disponibilidad_total;Bachelor's degree;25/08 1:43-1:55 pm;;27/08 2:00 pm
A;5;A s h l y;+573019509135;más_de_1_año;la_oportunidad_de_crecimiento_profesional;sí,_disponibilidad_total;High school / GED;25/08 1:43-1:55 pm;;27/08 2:00 pm
A;5;Yadira santos solano;+573170209972;más_de_1_año;las_comisiones_sin_límite_del_5%;tengo_que_dar_aviso_en_mi_empleo_actual;Bachelor's degree;25/08 1:43-1:55 pm;AUDIO 26/08 sin cifras + repesca CON cifras (tel 800k, linea blanca 500k, seguros 1M comision/mes). ENTREVISTA perfil B, de ultima. Coachable, numeros modestos >> 28/08 DESCARTADA: no llego a entrevista 10:00 ni aviso;27/08 2:00 pm
B;4;vane;+573018000156;de_6_meses_a_1_año;la_oportunidad_de_crecimiento_profesional;sí,_disponibilidad_total;High school / GED;;;
B;4;Giorgia Bermudez;+573187086097;de_6_meses_a_1_año;las_comisiones_sin_límite_del_5%;tengo_que_dar_aviso_en_mi_empleo_actual;High school / GED;;;
B;4;Juanchito Ag;+573150753000;de_6_meses_a_1_año;la_oportunidad_de_crecimiento_profesional;sí,_disponibilidad_total;Bachelor's degree;;;
B;4;Olga Lucia Max;+573177983635;de_6_meses_a_1_año;la_oportunidad_de_crecimiento_profesional;sí,_disponibilidad_total;Bachelor's degree;;;
B;4;Lizeth Santos;+573112798857;de_6_meses_a_1_año;la_oportunidad_de_crecimiento_profesional;sí,_disponibilidad_total;High school / GED;;;
B;4;Miladis Torres;+573004534975;de_6_meses_a_1_año;la_oportunidad_de_crecimiento_profesional;sí,_disponibilidad_total;Bachelor's degree;;;
B;4;Cristian Calderon;+573162382320;de_6_meses_a_1_año;la_oportunidad_de_crecimiento_profesional;sí,_disponibilidad_total;Bachelor's degree;;;
B;4;genesis;+573108522847;de_6_meses_a_1_año;la_oportunidad_de_crecimiento_profesional;sí,_disponibilidad_total;High school / GED;;;
B;3;Carolina Duitama;+573232236778;menos_de_6_meses;las_comisiones_sin_límite_del_5%;sí,_disponibilidad_total;Bachelor's degree;;;
B;3;Óscar Letelier;+573506652179;menos_de_6_meses;las_comisiones_sin_límite_del_5%;sí,_disponibilidad_total;Bachelor's degree;;;
C;2;Fabio Alberto;+573005005363;menos_de_6_meses;la_oportunidad_de_crecimiento_profesional;sí,_disponibilidad_total;Bachelor's degree;;;
C;2;Miguel Martínez;+573135581289;menos_de_6_meses;la_oportunidad_de_crecimiento_profesional;sí,_disponibilidad_total;High school / GED;;;
C;2;𝐺𝑒𝑟𝑎𝑙𝑑𝑖𝑛𝑒 𝑀𝑢ñ𝑜𝑧;+573116181425;más_de_1_año;el_sueldo_básico_asegurado;sí,_disponibilidad_total;Some college / Associate's degree;;;
C;2;Laura Jiménez Durán;+573143766988;más_de_1_año;el_sueldo_básico_asegurado;sí,_disponibilidad_total;High school / GED;;;
C;2;Karol Mejia;+573108254269;más_de_1_año;el_sueldo_básico_asegurado;sí,_disponibilidad_total;Bachelor's degree;;;
C;1;Jorge Antonio Paez;+573184558627;de_6_meses_a_1_año;el_sueldo_básico_asegurado;sí,_disponibilidad_total;Bachelor's degree;;;
C;1;Leonardo Andres Hernandez Sampayo;+573173734085;de_6_meses_a_1_año;el_sueldo_básico_asegurado;sí,_disponibilidad_total;Bachelor's degree;;;
C;1;Mariana Arguello;+573227040816;de_6_meses_a_1_año;el_sueldo_básico_asegurado;sí,_disponibilidad_total;High school / GED;;;
C;1;R. Gabriela Villegas;+573001002597;de_6_meses_a_1_año;el_sueldo_básico_asegurado;sí,_disponibilidad_total;High school / GED;;;
C;1;Sergio Andrés;+573138271806;de_6_meses_a_1_año;el_sueldo_básico_asegurado;sí,_disponibilidad_total;High school / GED;;;
C;-1;Katherine;+573022346545;menos_de_6_meses;el_sueldo_básico_asegurado;sí,_disponibilidad_total;High school / GED;;;
C;-1;Paula;+573219404879;menos_de_6_meses;el_sueldo_básico_asegurado;sí,_disponibilidad_total;High school / GED;;;
C;-1;Sebastian Felipe;+573142728123;menos_de_6_meses;el_sueldo_básico_asegurado;sí,_disponibilidad_total;Bachelor's degree;;;
C;-1;josman;+573172470208;menos_de_6_meses;el_sueldo_básico_asegurado;sí,_disponibilidad_total;High school / GED;;;
